{
    "$schema": "https://schema.management.azure.com/schemas/2019-04-01/deploymentParameters.json#",
    "contentVersion": "1.0.0.0",
    "parameters": {
      "environmentName": {
        "value": "${AZURE_ENV_NAME}"
      },
      "location": {
        "value": "${AZURE_LOCATION}"
      },
      "principalId": {
        "value": "${AZURE_PRINCIPAL_ID}"
      },
      "dbAdminPassword": {
        "value": "$(secretOrRandomPassword ${AZURE_KEY_VAULT_NAME} dbAdminPassword)"
      },
      "dbAppUserPassword": {
        "value": "$(secretOrRandomPassword ${AZURE_KEY_VAULT_NAME} dbAppUserPassword)"
      }
    }
}
